,checking_status,duration,credit_history,purpose,credit_amount,savings_status,personal_status,age,class
0,1,6.0,1,6,1169.0,4,3,67.0,1
1,0,48.0,3,6,5951.0,2,0,22.0,0
2,3,12.0,1,2,2096.0,2,3,49.0,1
3,1,42.0,3,3,7882.0,2,3,45.0,1
4,1,24.0,2,4,4870.0,2,3,53.0,0
5,3,36.0,3,2,9055.0,4,3,35.0,1
6,3,24.0,3,3,2835.0,1,3,53.0,1
7,0,36.0,3,9,6948.0,2,3,35.0,1
8,3,12.0,3,6,3059.0,3,1,61.0,1
9,0,30.0,1,4,5234.0,2,2,28.0,0
10,0,12.0,3,4,1295.0,2,0,25.0,0
11,1,48.0,3,0,4308.0,2,0,24.0,0
12,0,12.0,3,6,1567.0,2,0,22.0,1
13,1,24.0,1,4,1199.0,2,3,60.0,0
14,1,15.0,3,4,1403.0,2,0,28.0,1
15,1,24.0,3,6,1282.0,0,0,32.0,0
16,3,24.0,1,6,2424.0,4,3,53.0,1
17,1,30.0,4,0,8072.0,4,3,25.0,1
18,0,24.0,3,9,12579.0,2,0,44.0,0
19,3,24.0,3,6,3430.0,1,3,31.0,1
20,3,9.0,1,4,2134.0,2,3,48.0,1
21,1,6.0,3,6,2647.0,1,3,44.0,1
22,1,10.0,1,4,2241.0,2,3,48.0,1
23,0,12.0,1,9,1804.0,0,3,44.0,1
24,3,10.0,1,3,2069.0,4,2,26.0,1
25,1,6.0,3,3,1374.0,2,3,36.0,1
26,3,6.0,4,6,426.0,2,2,39.0,1
27,2,12.0,0,6,409.0,3,0,42.0,1
28,0,7.0,3,6,2415.0,2,3,34.0,1
29,1,60.0,2,0,6836.0,2,3,63.0,0
30,0,18.0,3,0,1913.0,3,2,36.0,1
31,1,24.0,3,3,4020.0,2,3,27.0,1
32,0,18.0,3,4,5866.0,0,3,30.0,1
33,3,12.0,1,0,1264.0,4,3,57.0,1
34,2,12.0,3,3,1474.0,2,0,33.0,1
35,0,45.0,1,6,4746.0,2,3,25.0,0
36,3,48.0,1,2,6110.0,2,3,31.0,1
37,2,18.0,3,6,2100.0,2,3,37.0,0
38,2,10.0,3,1,1225.0,2,3,37.0,1
39,0,9.0,3,6,458.0,2,3,24.0,1
40,3,30.0,3,6,2333.0,1,3,30.0,1
41,0,12.0,3,6,1158.0,1,1,26.0,1
42,0,18.0,2,7,6204.0,2,3,44.0,1
43,1,30.0,1,9,6187.0,0,2,24.0,1
44,1,48.0,1,9,6143.0,2,0,58.0,0
45,3,11.0,1,4,1393.0,2,0,35.0,1
46,3,36.0,3,6,2299.0,1,3,39.0,1
47,1,6.0,3,9,1352.0,1,0,23.0,1
48,3,11.0,1,4,7228.0,2,3,39.0,1
49,3,12.0,3,6,2073.0,0,0,28.0,1
50,0,24.0,2,3,2333.0,4,3,29.0,1
51,0,27.0,2,9,5965.0,2,3,30.0,1
52,3,12.0,3,6,1262.0,2,3,25.0,1
53,3,18.0,3,9,3378.0,4,3,31.0,1
54,0,36.0,2,4,2225.0,2,3,57.0,0
55,3,6.0,0,4,783.0,4,3,26.0,1
56,0,12.0,3,6,6468.0,4,3,52.0,0
57,3,36.0,1,6,9566.0,2,0,31.0,1
58,2,18.0,3,4,1961.0,2,0,23.0,1
59,1,36.0,1,3,6229.0,2,0,23.0,0
60,0,9.0,3,0,1391.0,2,2,27.0,1
61,0,15.0,1,6,1537.0,4,3,50.0,1
62,0,36.0,4,0,1953.0,2,3,61.0,0
63,0,48.0,4,0,14421.0,2,3,25.0,0
64,3,24.0,3,6,3181.0,2,0,26.0,1
65,3,27.0,3,7,5190.0,4,3,48.0,1
66,3,12.0,3,6,2171.0,2,0,29.0,1
67,0,12.0,3,4,1007.0,3,2,22.0,1
68,3,36.0,3,2,1819.0,2,3,37.0,0
69,3,36.0,3,6,2394.0,4,0,25.0,1
70,3,36.0,3,9,8133.0,2,0,30.0,1
71,3,7.0,1,6,730.0,4,3,46.0,1
72,1,8.0,1,5,1164.0,2,3,51.0,1
73,0,42.0,1,0,5954.0,2,0,41.0,1
74,1,36.0,3,2,1977.0,4,3,40.0,0
75,1,12.0,1,9,1526.0,2,3,66.0,1
76,1,42.0,3,6,3965.0,2,3,34.0,0
77,0,11.0,2,6,4771.0,2,3,51.0,1
78,3,54.0,4,9,9436.0,4,3,39.0,1
79,0,30.0,3,3,3832.0,2,2,22.0,1
80,3,24.0,3,6,5943.0,4,0,44.0,0
81,3,15.0,3,6,1213.0,1,3,47.0,1
82,3,18.0,3,0,1568.0,0,0,24.0,1
83,1,24.0,3,5,1755.0,2,0,58.0,1
84,1,10.0,3,6,2315.0,2,3,52.0,1
85,3,12.0,1,0,1412.0,2,0,29.0,1
86,0,18.0,1,3,1295.0,2,0,27.0,1
87,0,36.0,3,2,12612.0,0,3,47.0,0
88,1,18.0,3,4,2249.0,0,3,30.0,1
89,1,12.0,4,7,1108.0,2,3,28.0,0
90,3,12.0,1,6,618.0,2,3,56.0,1
91,1,12.0,1,9,1409.0,2,3,54.0,1
92,3,12.0,1,6,797.0,4,0,33.0,0
93,2,24.0,1,3,3617.0,4,3,20.0,1
94,0,12.0,3,4,1318.0,3,3,54.0,1
95,0,54.0,4,0,15945.0,2,3,58.0,0
96,3,12.0,1,2,2012.0,4,0,61.0,1
97,0,18.0,3,0,2622.0,0,3,34.0,1
98,0,36.0,1,6,2337.0,2,3,36.0,1
99,0,20.0,2,9,7057.0,4,3,36.0,1
100,3,24.0,3,4,1469.0,0,2,41.0,1
101,0,36.0,3,6,2323.0,2,3,24.0,1
102,3,6.0,2,6,932.0,2,0,24.0,1
103,0,9.0,1,3,1919.0,2,3,35.0,1
104,3,12.0,3,9,2445.0,4,2,26.0,1
105,0,24.0,1,5,11938.0,2,3,39.0,0
106,3,18.0,0,4,6458.0,2,3,39.0,0
107,0,12.0,3,4,6078.0,2,3,32.0,1
108,1,24.0,3,3,7721.0,4,0,30.0,1
109,0,14.0,3,0,1410.0,1,2,35.0,1
110,0,6.0,2,0,1449.0,0,1,31.0,1
111,2,15.0,3,2,392.0,2,0,23.0,1
112,0,18.0,3,4,6260.0,2,3,28.0,1
113,3,36.0,1,4,7855.0,2,0,25.0,0
114,1,12.0,3,6,1680.0,1,2,35.0,1
115,3,48.0,1,6,3578.0,4,3,47.0,1
116,1,42.0,3,6,7174.0,4,0,30.0,0
117,1,10.0,1,3,2132.0,4,0,27.0,1
118,1,33.0,1,3,4281.0,1,0,23.0,0
119,0,12.0,1,4,2366.0,1,1,36.0,1
120,1,21.0,3,6,1835.0,2,0,25.0,0
121,3,24.0,1,9,3868.0,2,0,41.0,1
122,3,12.0,3,3,1768.0,2,3,24.0,1
123,2,10.0,1,4,781.0,2,3,63.0,1
124,0,18.0,3,3,1924.0,4,0,27.0,0
125,1,12.0,1,4,2121.0,2,3,30.0,1
126,1,12.0,3,6,701.0,2,2,40.0,1
127,0,12.0,3,7,639.0,2,3,30.0,0
128,0,12.0,1,9,1860.0,2,3,34.0,1
129,1,12.0,1,4,3499.0,2,0,29.0,0
130,0,48.0,3,4,8487.0,4,0,24.0,1
131,1,36.0,2,2,6887.0,2,3,29.0,0
132,3,15.0,3,3,2708.0,2,3,27.0,1
133,3,18.0,3,3,1984.0,2,3,47.0,1
134,3,60.0,3,6,10144.0,0,0,21.0,1
135,3,12.0,1,6,1240.0,4,0,38.0,1
136,3,27.0,2,9,8613.0,3,3,27.0,1
137,0,12.0,3,6,766.0,1,3,66.0,0
138,0,15.0,1,6,2728.0,4,3,35.0,1
139,2,12.0,3,6,1881.0,2,0,44.0,1
140,2,6.0,3,4,709.0,3,2,27.0,1
141,0,36.0,3,6,4795.0,2,0,30.0,1
142,1,27.0,3,6,3416.0,2,3,27.0,1
143,1,18.0,3,3,2462.0,2,3,22.0,0
144,3,21.0,1,3,2288.0,2,0,23.0,1
145,0,48.0,0,0,3566.0,0,3,30.0,1
146,1,6.0,1,4,860.0,2,0,39.0,1
147,3,12.0,1,4,682.0,0,0,51.0,1
148,1,36.0,1,3,5371.0,2,3,28.0,1
149,3,18.0,1,6,1582.0,3,3,46.0,1
150,3,6.0,3,6,1346.0,0,3,42.0,1
151,3,10.0,3,6,1924.0,2,3,38.0,1
152,2,36.0,3,6,5848.0,2,3,24.0,1
153,0,24.0,1,9,7758.0,3,0,29.0,1
154,0,24.0,2,0,6967.0,0,3,36.0,1
155,1,12.0,3,3,1282.0,2,0,20.0,0
156,1,9.0,1,7,1288.0,0,3,48.0,1
157,1,12.0,0,8,339.0,2,2,45.0,1
158,0,24.0,3,4,3512.0,0,3,38.0,1
159,3,6.0,1,6,1898.0,4,3,34.0,1
160,3,24.0,1,6,2872.0,0,3,36.0,1
161,3,18.0,1,4,1055.0,2,0,30.0,1
162,3,15.0,3,1,1262.0,1,3,36.0,1
163,0,10.0,3,4,7308.0,2,3,70.0,1
164,3,36.0,3,4,909.0,1,3,36.0,1
165,3,6.0,3,3,2978.0,1,3,32.0,1
166,1,18.0,3,3,1131.0,2,0,33.0,0
167,0,11.0,3,3,1577.0,3,0,20.0,1
168,3,24.0,3,3,3972.0,2,0,25.0,1
169,0,24.0,1,0,1935.0,2,1,31.0,0
170,1,15.0,4,4,950.0,2,3,33.0,0
171,3,12.0,3,3,763.0,2,0,26.0,1
172,0,24.0,2,3,2064.0,2,0,34.0,0
173,0,8.0,3,6,1414.0,2,3,33.0,1
174,1,21.0,2,2,3414.0,2,3,26.0,0
175,3,30.0,0,9,7485.0,4,0,53.0,0
176,1,12.0,3,3,2577.0,2,1,42.0,1
177,1,6.0,1,6,338.0,1,3,52.0,1
178,3,12.0,3,6,1963.0,2,3,31.0,1
179,1,21.0,1,4,571.0,2,3,65.0,1
180,3,36.0,2,0,9572.0,2,1,28.0,0
181,0,36.0,2,0,4455.0,2,1,30.0,0
182,1,21.0,0,4,1647.0,4,3,40.0,0
183,3,24.0,1,3,3777.0,3,3,50.0,1
184,0,18.0,1,4,884.0,2,3,36.0,0
185,3,15.0,1,6,1360.0,2,3,31.0,1
186,0,9.0,0,9,5129.0,2,0,74.0,0
187,0,16.0,1,4,1175.0,2,3,68.0,1
188,1,12.0,3,6,674.0,0,2,20.0,0
189,0,18.0,4,3,3244.0,2,0,33.0,1
190,3,24.0,3,0,4591.0,3,3,54.0,0
191,0,48.0,4,0,3844.0,0,3,34.0,0
192,0,27.0,3,0,3915.0,2,3,36.0,0
193,3,6.0,3,6,2108.0,2,2,29.0,1
194,0,45.0,3,6,3031.0,0,3,21.0,0
195,0,9.0,1,2,1501.0,2,0,34.0,0
196,3,6.0,1,6,1382.0,2,0,28.0,1
197,0,12.0,3,3,951.0,0,0,27.0,0
198,0,24.0,3,9,2760.0,4,3,36.0,1
199,0,18.0,2,3,4297.0,2,1,40.0,0
200,3,9.0,1,2,936.0,1,3,52.0,1
201,1,12.0,3,4,1168.0,2,2,27.0,1
202,3,27.0,2,0,5117.0,2,3,26.0,1
203,1,12.0,3,8,902.0,2,2,21.0,0
204,3,12.0,1,4,1495.0,2,3,38.0,1
205,1,30.0,1,9,10623.0,2,3,38.0,1
206,3,12.0,1,3,1935.0,2,3,43.0,1
207,0,12.0,1,1,1424.0,2,3,26.0,1
208,1,24.0,3,0,6568.0,2,2,21.0,1
209,3,12.0,3,9,1413.0,3,3,55.0,1
210,3,9.0,1,6,3074.0,4,3,33.0,1
211,3,36.0,3,6,3835.0,4,0,45.0,1
212,1,27.0,4,0,5293.0,2,3,50.0,0
213,2,30.0,2,0,1908.0,2,3,66.0,0
214,3,36.0,1,6,3342.0,4,3,51.0,1
215,0,6.0,1,8,932.0,4,0,39.0,1
216,1,18.0,4,0,3104.0,2,3,31.0,1
217,2,36.0,3,6,3913.0,2,3,23.0,1
218,1,24.0,3,3,3021.0,2,1,24.0,1
219,3,10.0,3,4,1364.0,2,0,64.0,1
220,0,12.0,3,6,625.0,2,2,26.0,1
221,1,12.0,3,2,1200.0,4,0,23.0,1
222,3,12.0,3,6,707.0,2,3,30.0,1
223,3,24.0,2,0,2978.0,4,3,32.0,1
224,3,15.0,3,9,4657.0,2,3,30.0,1
225,3,36.0,4,7,2613.0,2,3,27.0,1
226,0,48.0,3,6,10961.0,3,3,27.0,0
227,1,12.0,3,3,7865.0,2,3,53.0,0
228,3,9.0,3,6,1478.0,2,3,22.0,0
229,1,24.0,3,3,3149.0,2,3,22.0,1
230,2,36.0,3,6,4210.0,2,3,26.0,0
231,3,9.0,3,4,2507.0,1,3,51.0,1
232,3,12.0,3,6,2141.0,0,3,35.0,1
233,0,18.0,3,6,866.0,2,2,25.0,1
234,3,4.0,1,6,1544.0,2,3,42.0,1
235,1,24.0,3,6,1823.0,2,3,30.0,0
236,0,6.0,3,4,14555.0,4,3,23.0,0
237,0,21.0,3,0,2767.0,0,1,61.0,0
238,3,12.0,1,6,1291.0,2,0,35.0,1
239,1,30.0,3,6,2522.0,2,3,39.0,1
240,1,24.0,3,4,915.0,4,0,29.0,0
241,3,6.0,3,6,1595.0,2,3,51.0,1
242,1,48.0,4,9,4605.0,2,3,24.0,0
243,3,12.0,1,0,1185.0,2,0,27.0,1
244,3,12.0,0,8,3447.0,1,0,35.0,1
245,3,24.0,3,0,1258.0,2,3,25.0,1
246,3,12.0,1,6,717.0,2,3,52.0,1
247,3,6.0,4,4,1204.0,0,3,35.0,1
248,2,24.0,3,3,1925.0,2,3,26.0,1
249,3,18.0,3,6,433.0,2,0,22.0,0
250,1,6.0,1,4,666.0,3,0,39.0,1
251,2,12.0,3,3,2251.0,2,0,46.0,1
252,0,30.0,3,4,2150.0,2,0,24.0,0
253,3,24.0,2,3,4151.0,0,3,35.0,1
254,0,9.0,3,3,2030.0,4,3,24.0,1
255,0,60.0,2,6,7418.0,4,3,27.0,1
256,3,24.0,1,6,2684.0,2,3,35.0,1
257,1,12.0,0,6,2149.0,2,1,29.0,0
258,3,15.0,3,9,3812.0,0,0,23.0,1
259,3,11.0,1,6,1154.0,0,0,57.0,1
260,1,12.0,3,3,1657.0,2,3,27.0,1
261,1,24.0,3,6,1603.0,2,0,55.0,1
262,1,18.0,1,4,5302.0,2,3,36.0,1
263,3,12.0,1,2,2748.0,2,0,57.0,1
264,3,10.0,1,4,1231.0,2,3,32.0,1
265,0,15.0,3,6,802.0,2,3,37.0,0
266,3,36.0,1,0,6304.0,4,3,36.0,1
267,3,24.0,3,6,1533.0,2,0,38.0,1
268,1,14.0,3,4,8978.0,2,1,45.0,0
269,3,24.0,3,6,999.0,4,3,25.0,1
270,3,18.0,3,4,2662.0,4,3,32.0,1
271,3,12.0,1,3,1402.0,1,0,37.0,1
272,0,48.0,0,4,12169.0,4,3,36.0,1
273,0,48.0,3,6,3060.0,2,3,28.0,0
274,1,30.0,3,7,11998.0,2,1,34.0,0
275,3,9.0,3,6,2697.0,2,3,32.0,1
276,3,18.0,1,6,2404.0,2,0,26.0,1
277,1,12.0,3,3,1262.0,4,1,49.0,1
278,3,6.0,3,3,4611.0,2,0,32.0,0
279,3,24.0,3,6,1901.0,0,3,29.0,1
280,3,15.0,1,9,3368.0,3,3,23.0,1
281,3,12.0,3,3,1574.0,2,3,50.0,1
282,2,18.0,0,6,1445.0,4,3,49.0,1
283,3,15.0,1,3,1520.0,4,3,63.0,1
284,0,24.0,1,4,3878.0,0,1,37.0,1
285,1,47.0,3,4,10722.0,2,0,35.0,1
286,1,48.0,3,9,4788.0,2,3,26.0,1
287,0,48.0,2,5,7582.0,0,3,31.0,1
288,0,12.0,3,6,1092.0,2,0,49.0,1
289,1,24.0,2,6,1024.0,2,2,48.0,0
290,3,12.0,3,0,1076.0,2,2,26.0,1
291,0,36.0,3,9,9398.0,2,2,28.0,0
292,1,24.0,1,9,6419.0,2,0,44.0,1
293,2,42.0,1,9,4796.0,2,3,56.0,1
294,3,48.0,1,0,7629.0,4,1,46.0,1
295,0,48.0,3,3,9960.0,2,0,26.0,0
296,3,12.0,3,9,4675.0,4,0,20.0,1
297,3,10.0,3,4,1287.0,4,3,45.0,1
298,3,18.0,3,3,2515.0,2,3,43.0,1
299,0,21.0,1,3,2745.0,3,3,32.0,1
300,3,6.0,3,4,672.0,2,0,54.0,1
301,0,36.0,4,6,3804.0,2,0,42.0,0
302,2,24.0,1,4,1344.0,4,3,37.0,0
303,1,10.0,1,4,1038.0,2,3,49.0,1
304,3,48.0,1,4,10127.0,1,3,44.0,0
305,3,6.0,3,3,1543.0,3,1,33.0,1
306,3,30.0,3,9,4811.0,4,0,24.0,1
307,1,12.0,3,6,727.0,0,2,33.0,0
308,0,8.0,3,3,1237.0,2,0,24.0,0
309,0,9.0,3,4,276.0,2,2,22.0,1
310,0,48.0,3,5,5381.0,4,3,40.0,1
311,3,24.0,3,3,5511.0,0,3,25.0,1
312,2,24.0,3,3,3749.0,2,0,26.0,1
313,0,12.0,3,4,685.0,2,2,25.0,0
314,2,4.0,3,4,1494.0,4,3,29.0,1
315,1,36.0,0,3,2746.0,2,3,31.0,0
316,1,12.0,3,3,708.0,2,3,38.0,1
317,0,24.0,3,3,4351.0,4,0,48.0,1
318,3,12.0,1,2,701.0,2,3,32.0,1
319,1,15.0,2,3,3643.0,2,0,27.0,1
320,0,30.0,1,4,4249.0,2,2,28.0,0
321,1,24.0,3,6,1938.0,2,1,32.0,0
322,1,24.0,3,9,2910.0,2,3,34.0,1
323,1,18.0,3,3,2659.0,3,3,28.0,1
324,3,18.0,1,4,1028.0,2,0,36.0,1
325,1,8.0,1,4,3398.0,2,3,39.0,1
326,3,12.0,1,3,5801.0,4,3,49.0,1
327,3,24.0,3,4,1525.0,3,0,34.0,1
328,2,36.0,3,6,4473.0,2,3,31.0,1
329,0,6.0,3,6,1068.0,2,3,28.0,1
330,1,24.0,1,9,6615.0,2,3,75.0,1
331,3,18.0,1,2,1864.0,0,0,30.0,0
332,0,60.0,3,4,7408.0,0,0,24.0,0
333,3,48.0,1,9,11590.0,0,0,24.0,0
334,1,24.0,4,3,4110.0,2,3,23.0,0
335,1,6.0,1,3,3384.0,2,1,44.0,0
336,0,13.0,3,6,2101.0,2,0,23.0,1
337,1,15.0,3,1,1275.0,4,0,24.0,0
338,1,24.0,3,3,4169.0,2,3,28.0,1
339,0,10.0,3,3,1521.0,2,1,31.0,1
340,0,24.0,1,2,5743.0,2,0,24.0,1
341,1,21.0,3,3,3599.0,2,0,26.0,1
342,0,18.0,3,6,3213.0,1,2,25.0,1
343,0,18.0,3,0,4439.0,2,3,33.0,1
344,2,10.0,3,4,3949.0,2,3,37.0,1
345,3,15.0,1,6,1459.0,2,0,43.0,1
346,0,13.0,1,6,882.0,2,3,23.0,1
347,0,24.0,3,6,3758.0,1,0,23.0,1
348,3,6.0,2,0,1743.0,0,3,34.0,1
349,0,9.0,1,2,1136.0,3,3,32.0,0
350,3,9.0,3,1,1236.0,2,0,23.0,1
351,0,9.0,3,3,959.0,2,0,29.0,0
352,3,18.0,1,9,3229.0,4,3,38.0,1
353,1,12.0,4,6,6199.0,2,3,28.0,0
354,3,10.0,3,2,727.0,1,3,46.0,1
355,0,24.0,3,4,1246.0,2,3,23.0,0
356,3,12.0,1,6,2331.0,4,3,49.0,1
357,3,36.0,2,6,4463.0,2,3,26.0,0
358,3,12.0,3,6,776.0,2,2,28.0,1
359,1,30.0,3,3,2406.0,2,0,23.0,0
360,0,18.0,3,2,1239.0,4,3,61.0,1
361,2,12.0,3,6,3399.0,4,3,37.0,1
362,2,12.0,2,4,2247.0,2,0,36.0,1
363,3,6.0,3,3,1766.0,2,2,21.0,1
364,1,18.0,3,3,2473.0,2,3,25.0,0
365,3,12.0,3,0,1542.0,2,3,36.0,1
366,3,18.0,1,9,3850.0,2,3,27.0,1
367,1,18.0,3,3,3650.0,2,0,22.0,1
368,1,36.0,3,3,3446.0,2,3,42.0,0
369,0,18.0,3,3,3001.0,2,0,40.0,1
370,3,36.0,3,4,3079.0,4,3,36.0,1
371,3,18.0,1,6,6070.0,2,3,33.0,1
372,3,10.0,1,3,2146.0,2,0,23.0,1
373,3,60.0,1,4,13756.0,4,3,63.0,1
374,0,60.0,0,5,14782.0,0,0,60.0,0
375,1,48.0,0,0,7685.0,2,0,37.0,0
376,3,18.0,2,6,2320.0,2,2,34.0,1
377,3,7.0,2,6,846.0,4,3,36.0,1
378,0,36.0,3,4,14318.0,2,3,57.0,0
379,3,6.0,1,4,362.0,0,0,52.0,1
380,1,20.0,3,3,2212.0,4,3,39.0,1
381,0,18.0,3,9,12976.0,2,0,38.0,0
382,3,22.0,3,4,1283.0,4,0,25.0,1
383,2,12.0,3,4,1330.0,2,3,26.0,1
384,3,30.0,2,0,4272.0,0,3,26.0,1
385,3,18.0,1,6,2238.0,2,0,25.0,1
386,3,18.0,3,6,1126.0,4,0,21.0,1
387,0,18.0,1,3,7374.0,2,3,40.0,1
388,0,15.0,1,0,2326.0,1,3,27.0,1
389,3,9.0,3,0,1449.0,2,0,27.0,1
390,3,18.0,3,4,1820.0,2,2,30.0,1
391,0,12.0,3,3,983.0,3,0,19.0,1
392,1,36.0,3,4,3249.0,2,3,39.0,1
393,1,6.0,1,6,1957.0,2,0,31.0,1
394,3,9.0,1,3,2406.0,2,3,31.0,1
395,0,39.0,2,2,11760.0,0,3,32.0,1
396,1,12.0,3,3,2578.0,2,0,55.0,1
397,1,36.0,1,3,2348.0,2,2,46.0,1
398,0,12.0,3,4,1223.0,2,1,46.0,0
399,3,24.0,1,6,1516.0,3,0,43.0,1
400,3,18.0,3,6,1473.0,2,2,39.0,1
401,0,18.0,1,0,1887.0,4,2,28.0,1
402,3,24.0,2,0,8648.0,2,3,27.0,0
403,3,14.0,2,4,802.0,2,3,27.0,1
404,0,18.0,2,4,2899.0,4,3,43.0,1
405,0,24.0,3,6,2039.0,2,2,22.0,0
406,3,24.0,1,9,2197.0,4,3,43.0,1
407,1,15.0,3,6,1053.0,2,2,27.0,1
408,3,24.0,3,6,3235.0,1,1,26.0,1
409,2,12.0,1,4,939.0,1,2,28.0,0
410,0,24.0,3,6,1967.0,2,0,20.0,1
411,3,33.0,1,9,7253.0,2,3,35.0,1
412,3,12.0,1,0,2292.0,2,3,42.0,0
413,3,10.0,3,4,1597.0,1,3,40.0,1
414,1,24.0,3,4,1381.0,4,0,35.0,0
415,3,36.0,1,9,5842.0,2,3,35.0,1
416,1,12.0,3,4,2579.0,2,3,33.0,0
417,1,18.0,2,2,8471.0,4,0,23.0,1
418,3,21.0,3,4,2782.0,1,0,31.0,1
419,0,18.0,3,4,1042.0,4,0,33.0,0
420,3,15.0,3,4,3186.0,3,0,20.0,1
421,0,12.0,3,9,2028.0,4,3,30.0,1
422,0,12.0,1,4,958.0,2,3,47.0,1
423,3,21.0,2,3,1591.0,0,3,34.0,1
424,0,12.0,3,3,2762.0,4,0,25.0,0
425,0,18.0,3,9,2779.0,2,2,21.0,1
426,3,28.0,1,6,2743.0,2,3,29.0,1
427,3,18.0,1,6,1149.0,3,3,46.0,1
428,3,9.0,3,3,1313.0,2,3,20.0,1
429,1,18.0,1,7,1190.0,2,0,55.0,0
430,3,5.0,3,0,3448.0,2,3,74.0,1
431,0,24.0,3,5,11328.0,2,3,29.0,0
432,1,6.0,1,3,1872.0,2,3,36.0,1
433,3,24.0,1,7,2058.0,2,1,33.0,1
434,1,9.0,3,3,2136.0,2,3,25.0,1
435,0,12.0,3,6,1484.0,4,2,25.0,0
436,3,6.0,3,7,660.0,1,2,23.0,1
437,3,24.0,1,4,1287.0,3,0,37.0,1
438,1,42.0,1,7,3394.0,2,3,65.0,1
439,2,12.0,0,0,609.0,2,0,26.0,0
440,3,12.0,3,4,1884.0,2,3,39.0,1
441,1,12.0,3,3,1620.0,2,0,30.0,1
442,0,20.0,2,5,2629.0,2,3,29.0,1
443,3,12.0,3,2,719.0,2,3,41.0,0
444,0,48.0,1,3,5096.0,2,0,30.0,0
445,3,9.0,1,2,1244.0,4,0,41.0,1
446,1,36.0,3,4,1842.0,2,0,34.0,0
447,0,7.0,3,6,2576.0,2,3,35.0,1
448,2,12.0,3,3,1424.0,4,0,55.0,1
449,0,15.0,2,7,1512.0,3,2,61.0,0
450,3,36.0,1,9,11054.0,4,3,30.0,1
451,3,6.0,3,6,518.0,2,0,29.0,1
452,3,12.0,4,3,2759.0,2,3,34.0,1
453,3,24.0,3,9,2670.0,2,3,35.0,1
454,1,24.0,3,4,4817.0,2,3,31.0,0
455,3,24.0,3,9,2679.0,2,0,29.0,1
456,1,11.0,1,4,3905.0,2,3,36.0,1
457,1,12.0,3,9,3386.0,2,3,35.0,0
458,1,6.0,3,1,343.0,2,0,27.0,1
459,3,18.0,3,6,4594.0,2,3,32.0,1
460,1,36.0,3,3,3620.0,2,3,37.0,1
461,1,15.0,3,4,1721.0,2,3,36.0,1
462,0,12.0,3,3,3017.0,2,0,34.0,1
463,0,12.0,3,8,754.0,4,3,38.0,1
464,3,18.0,3,0,1950.0,2,3,34.0,1
465,1,24.0,3,9,2924.0,2,3,63.0,1
466,1,24.0,2,6,1659.0,2,0,29.0,0
467,3,48.0,2,6,7238.0,4,3,32.0,1
468,3,33.0,2,0,2764.0,2,0,26.0,1
469,3,24.0,2,9,4679.0,2,3,35.0,1
470,0,24.0,3,6,3092.0,0,2,22.0,0
471,1,6.0,3,2,448.0,2,0,23.0,0
472,1,9.0,3,4,654.0,2,3,28.0,0
473,3,6.0,3,8,1238.0,4,3,36.0,1
474,0,18.0,1,6,1245.0,2,2,33.0,0
475,1,18.0,4,3,3114.0,2,0,26.0,0
476,3,39.0,3,9,2569.0,1,3,24.0,1
477,2,24.0,3,6,5152.0,2,3,25.0,1
478,0,12.0,3,0,1037.0,0,3,39.0,1
479,1,15.0,1,3,1478.0,2,3,44.0,1
480,0,12.0,1,6,3573.0,2,0,23.0,1
481,0,24.0,3,4,1201.0,2,3,26.0,1
482,1,30.0,3,3,3622.0,3,0,57.0,1
483,3,15.0,2,3,960.0,3,0,30.0,1
484,3,12.0,1,4,1163.0,1,3,44.0,1
485,0,6.0,2,4,1209.0,2,3,47.0,0
486,3,12.0,3,6,3077.0,2,3,52.0,1
487,3,24.0,3,4,3757.0,2,0,62.0,1
488,3,10.0,3,4,1418.0,0,3,35.0,1
489,3,6.0,3,4,3518.0,2,3,26.0,1
490,3,12.0,1,6,1934.0,2,3,26.0,1
491,0,27.0,4,0,8318.0,2,0,42.0,0
492,3,6.0,1,6,1237.0,0,0,27.0,1
493,0,6.0,3,6,368.0,4,3,38.0,1
494,1,12.0,1,4,2122.0,2,3,39.0,1
495,1,24.0,3,3,2996.0,4,2,20.0,0
496,0,36.0,3,3,9034.0,0,3,29.0,0
497,3,24.0,1,3,1585.0,2,3,40.0,1
498,0,18.0,3,6,1301.0,2,2,32.0,1
499,2,6.0,1,4,1323.0,0,1,28.0,1
500,1,24.0,3,4,3123.0,2,0,27.0,0
501,1,36.0,3,9,5493.0,2,3,42.0,1
502,2,9.0,3,6,1126.0,0,1,49.0,1
503,0,24.0,1,6,1216.0,0,3,38.0,0
504,1,24.0,3,4,1207.0,2,0,24.0,0
505,3,10.0,3,4,1309.0,4,3,27.0,0
506,2,15.0,1,9,2360.0,1,3,36.0,1
507,0,15.0,0,4,6850.0,0,3,34.0,0
508,3,24.0,3,6,1413.0,2,2,28.0,1
509,3,39.0,3,9,8588.0,0,3,45.0,1
510,1,12.0,3,4,759.0,2,3,26.0,0
511,3,36.0,3,9,4686.0,2,3,32.0,1
512,2,15.0,3,0,2687.0,2,3,26.0,1
513,0,12.0,2,6,585.0,2,2,20.0,1
514,3,24.0,3,4,2255.0,4,3,54.0,1
515,1,6.0,1,4,609.0,2,0,37.0,1
516,1,6.0,1,4,1361.0,2,3,40.0,1
517,3,36.0,1,3,7127.0,2,0,23.0,0
518,1,6.0,3,4,1203.0,0,3,43.0,1
519,3,6.0,1,6,700.0,4,3,36.0,1
520,3,24.0,1,7,5507.0,2,3,44.0,1
521,1,18.0,3,6,3190.0,2,0,24.0,0
522,1,48.0,4,3,7119.0,2,3,53.0,0
523,3,24.0,3,9,3488.0,0,0,23.0,1
524,0,18.0,3,6,1113.0,2,0,26.0,1
525,0,26.0,3,9,7966.0,2,3,30.0,1
526,3,15.0,1,2,1532.0,0,0,31.0,1
527,3,4.0,1,6,1503.0,2,3,42.0,1
528,1,36.0,3,6,2302.0,2,1,31.0,0
529,1,6.0,3,4,662.0,2,3,41.0,1
530,0,36.0,3,2,2273.0,2,3,32.0,1
531,0,15.0,3,4,2631.0,0,0,28.0,0
532,3,12.0,2,9,1503.0,2,2,41.0,1
533,3,24.0,3,6,1311.0,0,2,26.0,1
534,3,24.0,3,6,3105.0,4,3,25.0,1
535,2,21.0,1,2,2319.0,2,1,33.0,0
536,1,6.0,3,4,1374.0,4,0,75.0,1
537,0,18.0,1,3,3612.0,2,0,37.0,1
538,1,48.0,3,4,7763.0,2,3,42.0,0
539,2,18.0,3,3,3049.0,2,0,45.0,1
540,0,12.0,3,6,1534.0,2,2,23.0,0
541,3,24.0,2,4,2032.0,2,3,60.0,1
542,1,30.0,3,3,6350.0,4,3,31.0,0
543,2,18.0,3,3,2864.0,2,3,34.0,0
544,3,12.0,1,4,1255.0,2,3,61.0,1
545,1,24.0,2,4,1333.0,2,3,43.0,0
546,3,24.0,1,4,2022.0,2,0,37.0,1
547,3,24.0,3,6,1552.0,2,3,32.0,1
548,1,12.0,0,6,626.0,2,0,24.0,0
549,3,48.0,1,9,8858.0,4,3,35.0,1
550,3,12.0,1,7,996.0,4,0,23.0,1
551,3,6.0,0,6,1750.0,1,3,45.0,1
552,1,48.0,3,6,6999.0,2,2,34.0,0
553,0,12.0,1,4,1995.0,0,3,27.0,1
554,0,9.0,3,2,1199.0,2,0,67.0,1
555,0,12.0,3,6,1331.0,2,3,22.0,0
556,0,18.0,4,4,2278.0,0,0,28.0,0
557,3,21.0,4,4,5003.0,4,0,29.0,0
558,1,24.0,0,3,3552.0,2,3,27.0,0
559,0,18.0,1,3,1928.0,2,3,31.0,0
560,1,24.0,3,9,2964.0,4,3,49.0,1
561,1,24.0,0,6,1546.0,2,3,24.0,0
562,2,6.0,2,6,683.0,2,0,29.0,1
563,0,36.0,3,4,12389.0,4,3,37.0,0
564,0,24.0,2,0,4712.0,4,3,37.0,1
565,0,24.0,2,6,1553.0,0,0,23.0,1
566,1,12.0,3,4,1372.0,2,1,36.0,0
567,3,24.0,1,6,2578.0,3,3,34.0,1
568,0,48.0,3,6,3979.0,4,3,41.0,1
569,1,48.0,3,6,6758.0,2,0,31.0,0
570,1,24.0,3,3,3234.0,2,0,23.0,0
571,3,30.0,1,6,5954.0,2,3,38.0,1
572,3,24.0,3,9,5433.0,4,0,26.0,1
573,1,15.0,3,0,806.0,2,0,22.0,1
574,0,9.0,3,6,1082.0,2,3,27.0,1
575,3,15.0,1,3,2788.0,2,0,24.0,1
576,0,12.0,3,6,2930.0,2,0,27.0,1
577,3,24.0,1,2,1927.0,4,0,33.0,1
578,0,36.0,1,4,2820.0,2,1,27.0,0
579,3,24.0,3,8,937.0,2,2,27.0,1
580,0,18.0,1,4,1056.0,2,3,30.0,0
581,0,12.0,1,4,3124.0,2,3,49.0,1
582,3,9.0,3,3,1388.0,2,0,26.0,1
583,0,36.0,3,7,2384.0,2,3,33.0,0
584,3,12.0,3,4,2133.0,4,0,52.0,1
585,1,18.0,3,3,2039.0,2,0,20.0,0
586,1,9.0,1,4,2799.0,2,3,36.0,1
587,1,12.0,3,3,1289.0,2,3,21.0,1
588,1,18.0,3,1,1217.0,2,2,47.0,0
589,1,12.0,1,3,2246.0,2,3,60.0,0
590,1,12.0,1,6,385.0,2,0,58.0,1
591,0,24.0,2,4,1965.0,4,0,42.0,1
592,3,21.0,3,0,1572.0,3,0,36.0,1
593,0,24.0,3,4,2718.0,2,0,20.0,0
594,1,24.0,0,5,1358.0,4,3,40.0,0
595,0,6.0,0,4,931.0,0,0,32.0,0
596,1,24.0,3,4,1442.0,2,0,23.0,0
597,0,24.0,4,0,4241.0,2,3,36.0,0
598,3,18.0,1,4,2775.0,2,3,31.0,0
599,3,24.0,2,0,3863.0,2,3,32.0,1
600,0,7.0,3,6,2329.0,2,0,45.0,1
601,0,9.0,3,3,918.0,2,0,30.0,0
602,0,24.0,0,2,1837.0,2,0,34.0,0
603,3,36.0,3,3,3349.0,2,0,28.0,0
604,2,10.0,3,3,1275.0,2,0,23.0,1
605,1,24.0,0,3,2828.0,1,3,22.0,1
606,3,24.0,1,0,4526.0,2,3,74.0,1
607,0,36.0,3,6,2671.0,0,0,50.0,0
608,3,18.0,3,6,2051.0,2,3,33.0,1
609,3,15.0,3,9,1300.0,4,3,45.0,1
610,1,12.0,3,1,741.0,0,0,22.0,0
611,2,10.0,3,4,1240.0,0,0,48.0,0
612,1,21.0,3,6,3357.0,3,0,29.0,1
613,1,24.0,0,9,3632.0,2,0,22.0,1
614,3,18.0,2,3,1808.0,2,0,22.0,0
615,0,48.0,4,0,12204.0,4,3,48.0,1
616,0,60.0,2,6,9157.0,4,3,27.0,1
617,1,6.0,1,4,3676.0,2,3,37.0,1
618,0,30.0,3,3,3441.0,0,0,21.0,0
619,3,12.0,3,4,640.0,2,1,49.0,1
620,0,21.0,1,0,3652.0,2,3,27.0,1
621,3,18.0,1,4,1530.0,2,3,32.0,0
622,3,48.0,3,0,3914.0,4,1,38.0,0
623,1,12.0,3,3,1858.0,2,0,22.0,1
624,1,18.0,3,6,2600.0,2,3,65.0,0
625,3,15.0,3,6,1979.0,4,3,35.0,1
626,2,6.0,3,3,2116.0,2,3,41.0,1
627,0,9.0,0,4,1437.0,0,3,29.0,0
628,3,42.0,1,3,4042.0,1,3,36.0,1
629,3,9.0,3,2,3832.0,4,3,64.0,1
630,1,24.0,3,6,3660.0,2,0,28.0,1
631,1,18.0,0,3,1553.0,2,3,44.0,0
632,0,15.0,3,6,1444.0,4,3,23.0,1
633,3,9.0,3,3,1980.0,2,0,19.0,0
634,0,24.0,3,4,1355.0,2,0,25.0,0
635,3,12.0,3,2,1393.0,2,3,47.0,1
636,3,24.0,3,6,1376.0,1,0,28.0,1
637,3,60.0,2,6,15653.0,2,3,21.0,1
638,3,12.0,3,6,1493.0,2,0,34.0,1
639,1,42.0,2,6,4370.0,2,3,26.0,0
640,1,18.0,3,2,750.0,2,0,27.0,0
641,0,15.0,3,7,1308.0,2,3,38.0,1
642,3,15.0,3,2,4623.0,0,3,40.0,0
643,3,24.0,1,6,1851.0,2,2,33.0,1
644,1,18.0,1,6,1880.0,2,2,32.0,1
645,3,36.0,2,0,7980.0,4,3,27.0,0
646,1,30.0,4,3,4583.0,2,1,32.0,1
647,3,12.0,3,4,1386.0,1,0,26.0,0
648,2,24.0,3,4,947.0,2,3,38.0,0
649,1,12.0,3,2,684.0,2,3,40.0,0
650,1,48.0,3,2,7476.0,2,3,50.0,1
651,0,12.0,3,3,1922.0,2,3,37.0,0
652,1,24.0,3,4,2303.0,2,3,45.0,0
653,0,36.0,2,4,8086.0,0,3,42.0,0
654,3,24.0,1,9,2346.0,2,3,35.0,1
655,1,14.0,3,4,3973.0,2,3,22.0,1
656,0,12.0,3,4,888.0,2,3,41.0,0
657,3,48.0,3,6,10222.0,4,3,37.0,1
658,0,30.0,4,0,4221.0,2,0,28.0,1
659,0,18.0,1,3,6361.0,2,3,41.0,1
660,2,12.0,3,6,1297.0,2,2,23.0,1
661,1,12.0,3,4,900.0,4,2,23.0,0
662,3,21.0,3,3,2241.0,2,3,50.0,1
663,0,6.0,2,3,1050.0,2,3,35.0,1
664,2,6.0,1,2,1047.0,2,0,50.0,1
665,3,24.0,1,5,6314.0,2,3,27.0,1
666,0,30.0,0,3,3496.0,3,3,34.0,1
667,3,48.0,0,0,3609.0,2,0,27.0,1
668,1,12.0,1,4,4843.0,2,3,43.0,0
669,2,30.0,1,6,3017.0,2,3,47.0,1
670,3,24.0,1,0,4139.0,0,3,27.0,1
671,3,36.0,3,0,5742.0,0,3,31.0,1
672,3,60.0,3,4,10366.0,2,3,42.0,1
673,3,6.0,1,4,2080.0,1,2,24.0,1
674,3,21.0,2,0,2580.0,1,3,41.0,0
675,3,30.0,1,6,4530.0,2,0,26.0,1
676,3,24.0,1,3,5150.0,2,3,33.0,1
677,0,72.0,3,6,5595.0,0,2,24.0,0
678,1,24.0,3,6,2384.0,2,3,64.0,1
679,3,18.0,3,6,1453.0,2,0,26.0,1
680,3,6.0,3,2,1538.0,2,0,56.0,1
681,3,12.0,3,6,2279.0,4,3,37.0,1
682,3,15.0,2,6,1478.0,2,2,33.0,1
683,3,24.0,1,6,5103.0,2,2,47.0,1
684,0,36.0,2,0,9857.0,0,3,31.0,1
685,3,60.0,3,4,6527.0,4,3,34.0,1
686,2,10.0,1,6,1347.0,4,3,27.0,1
687,0,36.0,2,4,2862.0,0,3,30.0,1
688,3,9.0,3,6,2753.0,0,3,35.0,1
689,1,12.0,3,4,3651.0,3,3,31.0,1
690,1,15.0,1,3,975.0,2,1,25.0,1
691,0,15.0,3,7,2631.0,0,0,25.0,1
692,0,24.0,3,6,2896.0,0,3,29.0,1
693,1,6.0,1,4,4716.0,4,3,44.0,1
694,3,24.0,3,6,2284.0,2,3,28.0,1
695,3,6.0,3,9,1236.0,1,3,50.0,1
696,0,12.0,3,6,1103.0,2,3,29.0,1
697,3,12.0,1,4,926.0,2,0,38.0,1
698,3,18.0,1,6,1800.0,2,3,24.0,1
699,2,15.0,3,2,1905.0,2,3,40.0,1
700,3,12.0,3,3,1123.0,1,0,29.0,0
701,1,48.0,1,9,6331.0,2,3,46.0,0
702,2,24.0,3,6,1377.0,0,0,47.0,1
703,0,30.0,2,0,2503.0,0,3,41.0,1
704,0,27.0,3,0,2528.0,2,0,32.0,1
705,3,15.0,3,4,5324.0,1,0,35.0,1
706,0,48.0,3,4,6560.0,0,3,24.0,0
707,0,12.0,4,3,2969.0,2,0,25.0,0
708,0,9.0,3,6,1206.0,2,0,25.0,1
709,0,9.0,3,6,2118.0,2,3,37.0,1
710,3,18.0,1,6,629.0,1,3,32.0,1
711,1,6.0,0,2,1198.0,2,0,35.0,0
712,3,21.0,3,9,2476.0,4,3,46.0,1
713,1,9.0,1,6,1138.0,2,3,25.0,1
714,0,60.0,3,4,14027.0,2,3,27.0,0
715,3,30.0,1,9,7596.0,4,3,63.0,1
716,3,30.0,1,6,3077.0,4,3,40.0,1
717,3,18.0,3,6,1505.0,2,3,32.0,1
718,2,24.0,1,6,3148.0,4,3,31.0,1
719,0,20.0,4,9,6148.0,0,2,31.0,1
720,2,9.0,4,6,1337.0,2,3,34.0,0
721,0,6.0,0,2,433.0,3,0,24.0,0
722,1,12.0,3,4,1228.0,2,0,24.0,0
723,0,9.0,3,6,790.0,1,0,66.0,1
724,3,27.0,3,4,2570.0,2,0,21.0,0
725,3,6.0,1,4,250.0,3,0,41.0,1
726,3,15.0,1,6,1316.0,1,2,47.0,1
727,1,18.0,3,6,1882.0,2,0,25.0,0
728,0,48.0,0,0,6416.0,2,0,59.0,0
729,2,24.0,1,0,1275.0,3,1,36.0,1
730,0,24.0,2,6,6403.0,2,3,33.0,1
731,1,24.0,3,6,1987.0,2,3,21.0,0
732,0,8.0,3,6,760.0,2,0,44.0,1
733,3,24.0,3,9,2603.0,3,0,28.0,1
734,3,4.0,1,4,3380.0,2,0,37.0,1
735,0,36.0,0,1,3990.0,4,0,29.0,1
736,0,24.0,3,9,11560.0,2,0,23.0,0
737,1,18.0,3,4,4380.0,0,3,35.0,1
738,3,6.0,1,4,6761.0,2,3,45.0,1
739,0,30.0,4,0,4280.0,0,0,26.0,0
740,1,24.0,0,4,2325.0,0,3,32.0,1
741,0,10.0,0,6,1048.0,2,3,23.0,1
742,3,21.0,3,6,3160.0,4,3,41.0,1
743,1,24.0,0,3,2483.0,1,3,22.0,1
744,1,39.0,1,3,14179.0,4,3,30.0,1
745,1,13.0,1,0,1797.0,2,3,28.0,1
746,1,15.0,3,4,2511.0,2,0,23.0,1
747,1,12.0,3,4,1274.0,2,0,37.0,0
748,3,21.0,3,9,5248.0,4,3,26.0,1
749,3,15.0,3,9,3029.0,2,3,33.0,1
750,1,6.0,3,3,428.0,2,0,49.0,1
751,1,18.0,3,4,976.0,2,0,23.0,0
752,0,12.0,3,0,841.0,0,0,23.0,1
753,3,30.0,1,6,5771.0,2,0,25.0,1
754,3,12.0,2,7,1555.0,3,3,55.0,0
755,1,24.0,3,4,1285.0,4,0,32.0,0
756,2,6.0,1,4,1299.0,2,3,74.0,1
757,2,15.0,1,6,1271.0,4,3,39.0,0
758,3,24.0,3,4,1393.0,2,3,31.0,1
759,1,12.0,1,4,691.0,2,3,35.0,0
760,3,15.0,1,4,5045.0,4,0,59.0,1
761,1,18.0,1,3,2124.0,2,0,24.0,0
762,1,12.0,3,6,2214.0,2,3,24.0,1
763,3,21.0,1,4,12680.0,4,3,30.0,0
764,3,24.0,1,4,2463.0,0,2,27.0,1
765,0,12.0,3,6,1155.0,2,2,40.0,1
766,1,30.0,3,3,3108.0,2,1,31.0,0
767,3,10.0,3,9,2901.0,4,0,31.0,1
768,0,12.0,1,3,3617.0,2,3,28.0,1
769,3,12.0,1,6,1655.0,2,3,63.0,1
770,1,24.0,3,9,2812.0,4,0,26.0,1
771,1,36.0,1,2,8065.0,2,0,25.0,0
772,3,21.0,1,9,3275.0,2,3,36.0,1
773,3,24.0,1,6,2223.0,0,3,52.0,1
774,2,12.0,1,4,1480.0,1,3,66.0,1
775,1,24.0,3,4,1371.0,4,0,25.0,0
776,3,36.0,1,4,3535.0,2,3,37.0,1
777,1,18.0,3,6,3509.0,2,0,25.0,1
778,3,36.0,1,9,5711.0,3,3,38.0,1
779,0,18.0,3,7,3872.0,2,0,67.0,1
780,0,39.0,1,6,4933.0,2,3,25.0,0
781,3,24.0,1,4,1940.0,3,3,60.0,1
782,0,12.0,4,8,1410.0,2,3,31.0,1
783,0,12.0,3,4,836.0,0,0,23.0,0
784,0,20.0,3,9,6468.0,4,1,60.0,1
785,0,18.0,3,0,1941.0,3,3,35.0,1
786,3,22.0,3,6,2675.0,1,3,40.0,1
787,3,48.0,1,9,2751.0,4,3,38.0,1
788,0,48.0,2,2,6224.0,2,3,50.0,0
789,1,40.0,1,2,5998.0,2,3,27.0,0
790,0,21.0,3,0,1188.0,2,0,39.0,0
791,3,24.0,3,9,6313.0,4,3,41.0,1
792,3,6.0,1,3,1221.0,4,2,27.0,1
793,2,24.0,3,3,2892.0,2,1,51.0,1
794,3,24.0,3,3,3062.0,1,3,32.0,1
795,3,9.0,3,3,2301.0,0,0,22.0,1
796,1,18.0,3,9,7511.0,4,3,51.0,0
797,3,12.0,1,3,1258.0,2,0,22.0,1
798,3,24.0,2,4,717.0,4,2,54.0,1
799,0,9.0,3,4,1549.0,4,3,35.0,1
800,3,24.0,1,2,1597.0,2,3,54.0,1
801,0,18.0,1,6,1795.0,2,0,48.0,1
802,1,20.0,1,3,4272.0,2,0,24.0,1
803,3,12.0,1,6,976.0,4,3,35.0,1
804,0,12.0,3,4,7472.0,4,0,24.0,1
805,1,36.0,3,4,9271.0,2,3,24.0,0
806,0,6.0,3,6,590.0,2,2,26.0,1
807,3,12.0,1,6,930.0,4,3,65.0,1
808,0,42.0,0,9,9283.0,2,3,55.0,1
809,0,15.0,4,4,1778.0,2,0,26.0,0
810,0,8.0,3,0,907.0,2,2,26.0,1
811,0,6.0,3,6,484.0,2,2,28.0,1
812,1,36.0,1,9,9629.0,2,3,24.0,0
813,1,48.0,3,1,3051.0,2,3,54.0,0
814,1,48.0,3,4,3931.0,2,3,46.0,0
815,0,36.0,2,4,7432.0,2,0,54.0,1
816,3,6.0,3,1,1338.0,1,1,62.0,1
817,3,6.0,1,6,1554.0,2,0,24.0,1
818,1,36.0,3,5,15857.0,2,1,43.0,1
819,1,18.0,3,6,1345.0,2,2,26.0,0
820,3,12.0,3,4,1101.0,2,2,27.0,1
821,2,12.0,3,6,3016.0,2,2,24.0,1
822,1,36.0,3,3,2712.0,2,3,41.0,0
823,1,8.0,1,4,731.0,2,3,47.0,1
824,3,18.0,1,3,3780.0,2,1,35.0,1
825,1,21.0,1,4,1602.0,2,2,30.0,1
826,1,18.0,1,4,3966.0,2,0,33.0,0
827,3,18.0,4,0,4165.0,2,3,36.0,0
828,1,36.0,3,9,8335.0,4,3,47.0,0
829,0,48.0,2,0,6681.0,4,3,38.0,1
830,3,24.0,2,0,2375.0,1,3,44.0,1
831,1,18.0,3,4,1216.0,2,0,23.0,0
832,1,45.0,4,0,11816.0,2,3,29.0,0
833,0,24.0,3,6,5084.0,4,0,42.0,1
834,2,15.0,3,6,2327.0,2,0,25.0,0
835,1,12.0,4,4,1082.0,2,3,48.0,0
836,3,12.0,3,6,886.0,4,0,21.0,1
837,3,4.0,3,3,601.0,2,0,23.0,1
838,1,24.0,1,9,2957.0,2,3,63.0,1
839,3,24.0,1,6,2611.0,2,2,46.0,1
840,1,36.0,3,3,5179.0,2,3,29.0,0
841,3,21.0,2,9,2993.0,2,3,28.0,1
842,3,18.0,3,7,1943.0,2,0,23.0,0
843,3,24.0,0,0,1559.0,2,3,50.0,1
844,3,18.0,3,3,3422.0,2,3,47.0,1
845,0,21.0,3,3,3976.0,4,3,35.0,1
846,3,18.0,3,4,6761.0,4,3,68.0,0
847,3,24.0,3,4,1249.0,2,2,28.0,1
848,1,9.0,3,6,1364.0,2,3,59.0,1
849,1,12.0,3,6,709.0,2,3,57.0,0
850,1,20.0,1,4,2235.0,2,2,33.0,0
851,3,24.0,1,9,4042.0,4,3,43.0,1
852,3,15.0,1,6,1471.0,2,3,35.0,1
853,1,18.0,0,4,1442.0,2,3,32.0,0
854,3,36.0,2,4,10875.0,2,3,45.0,1
855,3,24.0,3,4,1474.0,0,2,33.0,1
856,3,10.0,3,8,894.0,4,0,40.0,1
857,3,15.0,1,3,3343.0,2,3,28.0,1
858,1,15.0,3,4,3959.0,2,0,29.0,0
859,3,9.0,3,4,3577.0,0,3,26.0,1
860,3,24.0,1,9,5804.0,3,3,27.0,1
861,3,18.0,2,0,2169.0,2,2,28.0,0
862,1,24.0,3,6,2439.0,2,0,35.0,0
863,3,27.0,1,3,4526.0,3,3,32.0,1
864,3,10.0,3,3,2210.0,2,3,25.0,0
865,3,15.0,3,3,2221.0,1,0,20.0,1
866,1,18.0,3,6,2389.0,2,0,27.0,1
867,3,12.0,1,3,3331.0,2,3,42.0,1
868,3,36.0,3,0,7409.0,4,3,37.0,1
869,1,12.0,3,3,652.0,2,0,24.0,1
870,3,36.0,2,3,7678.0,1,0,40.0,1
871,2,6.0,1,4,1343.0,2,3,46.0,1
872,1,24.0,1,0,1382.0,0,3,26.0,1
873,3,15.0,3,1,874.0,4,0,24.0,1
874,1,12.0,3,3,3590.0,2,3,29.0,1
875,0,11.0,1,4,1322.0,3,0,40.0,1
876,1,18.0,0,6,1940.0,2,3,36.0,1
877,3,36.0,3,6,3595.0,2,3,28.0,1
878,1,9.0,3,4,1422.0,2,3,27.0,0
879,3,30.0,1,6,6742.0,4,3,36.0,1
880,3,24.0,3,9,7814.0,2,3,38.0,1
881,3,24.0,3,9,9277.0,4,1,48.0,1
882,0,30.0,1,4,2181.0,4,3,36.0,1
883,3,18.0,1,6,1098.0,2,0,65.0,1
884,0,24.0,3,3,4057.0,2,1,43.0,0
885,1,12.0,3,2,795.0,2,0,53.0,0
886,0,24.0,1,0,2825.0,4,3,34.0,1
887,0,48.0,3,0,15672.0,2,3,23.0,0
888,3,36.0,1,4,6614.0,2,3,34.0,1
889,3,28.0,0,9,7824.0,4,3,40.0,1
890,1,27.0,1,0,2442.0,2,3,43.0,1
891,3,15.0,1,6,1829.0,2,3,46.0,1
892,1,12.0,1,4,2171.0,2,3,38.0,1
893,0,36.0,1,9,5800.0,2,3,34.0,1
894,3,18.0,1,6,1169.0,4,3,29.0,1
895,3,36.0,2,9,8947.0,4,3,31.0,1
896,1,21.0,3,6,2606.0,2,0,28.0,1
897,3,12.0,1,3,1592.0,3,0,35.0,1
898,3,15.0,3,3,2186.0,4,0,33.0,1
899,1,18.0,3,3,4153.0,2,3,42.0,0
900,1,16.0,1,4,2625.0,2,3,43.0,0
901,3,20.0,1,4,3485.0,4,1,44.0,1
902,3,36.0,1,9,10477.0,4,3,42.0,1
903,3,15.0,3,6,1386.0,4,2,40.0,1
904,3,24.0,3,6,1278.0,2,3,36.0,1
905,1,12.0,3,6,1107.0,2,3,20.0,1
906,1,21.0,3,4,3763.0,4,3,24.0,1
907,0,36.0,3,2,3711.0,4,2,27.0,1
908,3,15.0,2,9,3594.0,2,0,46.0,1
909,0,9.0,3,4,3195.0,4,0,33.0,1
910,3,36.0,2,6,4454.0,2,0,34.0,1
911,0,24.0,1,3,4736.0,2,0,25.0,0
912,0,30.0,3,6,2991.0,4,0,25.0,1
913,3,11.0,3,0,2142.0,3,1,28.0,1
914,1,24.0,0,0,3161.0,2,3,31.0,0
915,0,48.0,4,5,18424.0,2,0,32.0,0
916,3,10.0,3,9,2848.0,0,3,32.0,1
917,1,6.0,3,4,14896.0,2,3,68.0,0
918,1,24.0,3,3,2359.0,0,1,33.0,0
919,1,24.0,3,3,3345.0,2,3,39.0,0
920,3,18.0,1,3,1817.0,2,0,28.0,1
921,3,48.0,2,6,12749.0,1,3,37.0,1
922,1,9.0,3,6,1366.0,2,0,22.0,0
923,0,12.0,3,4,2002.0,2,3,30.0,1
924,1,24.0,0,3,6872.0,2,1,55.0,0
925,1,12.0,0,4,697.0,2,3,46.0,0
926,1,18.0,1,3,1049.0,2,0,21.0,1
927,1,48.0,3,9,10297.0,2,3,39.0,0
928,3,30.0,3,6,1867.0,4,3,58.0,1
929,1,12.0,2,4,1344.0,2,3,43.0,1
930,1,24.0,3,3,1747.0,2,3,24.0,1
931,0,9.0,3,6,1670.0,2,0,22.0,0
932,3,9.0,1,4,1224.0,2,3,30.0,1
933,3,12.0,1,6,522.0,1,3,42.0,1
934,1,12.0,3,6,1498.0,2,0,23.0,1
935,0,30.0,2,6,1919.0,0,3,30.0,0
936,2,9.0,3,6,745.0,2,0,28.0,0
937,0,6.0,3,6,2063.0,2,2,30.0,1
938,0,60.0,3,2,6288.0,2,3,42.0,0
939,3,24.0,1,9,6842.0,4,3,46.0,1
940,3,12.0,3,4,3527.0,4,3,45.0,1
941,3,10.0,3,4,1546.0,2,3,31.0,1
942,3,24.0,3,3,929.0,4,3,31.0,1
943,3,4.0,1,4,1455.0,2,3,42.0,1
944,1,15.0,3,3,1845.0,2,0,46.0,1
945,0,48.0,4,4,8358.0,1,0,30.0,1
946,1,24.0,0,3,3349.0,1,3,30.0,0
947,3,12.0,3,4,2859.0,4,3,38.0,1
948,3,18.0,3,3,1533.0,2,2,43.0,0
949,3,24.0,3,6,3621.0,0,3,31.0,0
950,0,18.0,1,0,3590.0,2,2,40.0,1
951,1,36.0,2,0,2145.0,2,3,24.0,0
952,0,24.0,3,9,4113.0,1,0,28.0,0
953,3,36.0,3,3,10974.0,2,0,26.0,0
954,1,12.0,3,4,1893.0,2,0,29.0,1
955,1,24.0,1,6,1231.0,3,0,57.0,1
956,2,30.0,1,6,3656.0,4,3,49.0,1
957,0,9.0,1,6,1154.0,2,3,37.0,1
958,1,28.0,3,4,4006.0,2,3,45.0,0
959,0,24.0,3,3,3069.0,0,3,30.0,1
960,3,6.0,1,6,1740.0,2,2,30.0,1
961,0,21.0,2,4,2353.0,2,1,47.0,1
962,3,15.0,3,4,3556.0,4,3,29.0,1
963,3,24.0,3,6,2397.0,1,3,35.0,0
964,0,6.0,3,7,454.0,2,2,22.0,1
965,0,30.0,3,6,1715.0,4,0,26.0,1
966,0,27.0,1,6,2520.0,1,3,23.0,0
967,3,15.0,3,6,3568.0,2,0,54.0,1
968,3,42.0,3,6,7166.0,4,2,29.0,1
969,1,11.0,1,4,3939.0,2,3,40.0,1
970,0,15.0,3,7,1514.0,0,3,22.0,1
971,3,24.0,3,4,7393.0,2,3,43.0,1
972,1,24.0,0,4,1193.0,2,0,29.0,0
973,1,60.0,3,0,7297.0,2,3,36.0,0
974,3,30.0,1,6,2831.0,2,0,33.0,1
975,2,24.0,3,6,1258.0,1,0,57.0,1
976,0,6.0,3,6,753.0,2,0,64.0,1
977,0,18.0,2,0,2427.0,4,3,42.0,1
978,3,24.0,2,4,2538.0,2,3,47.0,0
979,0,15.0,0,4,1264.0,0,2,25.0,0
980,0,30.0,1,3,8386.0,2,3,49.0,0
981,3,48.0,3,0,4844.0,2,3,33.0,0
982,2,21.0,3,4,2923.0,0,0,28.0,1
983,1,36.0,3,9,8229.0,2,3,26.0,0
984,3,24.0,1,3,2028.0,2,3,30.0,1
985,1,15.0,1,3,1433.0,2,0,25.0,1
986,2,42.0,4,0,6289.0,2,1,33.0,1
987,3,13.0,3,6,1409.0,0,0,64.0,1
988,1,24.0,3,9,6579.0,2,3,29.0,1
989,0,24.0,1,6,1743.0,2,3,48.0,1
990,3,12.0,1,2,3565.0,4,3,37.0,1
991,3,15.0,0,6,1569.0,0,3,34.0,1
992,1,18.0,3,6,1936.0,4,2,23.0,1
993,1,36.0,3,3,3959.0,2,3,30.0,1
994,3,12.0,3,4,2390.0,4,3,50.0,1
995,3,12.0,3,3,1736.0,2,0,31.0,1
996,1,30.0,3,9,3857.0,2,1,40.0,1
997,3,12.0,3,6,804.0,2,3,38.0,1
998,1,45.0,3,6,1845.0,2,3,23.0,0
999,0,45.0,1,9,4576.0,0,3,27.0,1
